{
  "eating": [
    0.20776813574380473,
    0.3059702169888634,
    0.2745669326739641,
    0.21169471459336772
  ],
  "nature": [
    0.35873620085101005,
    0.15927217557180814,
    0.20731767877222573,
    0.27467394480495605
  ],
  "community": [
    0.17746463633571255,
    0.2763395919634013,
    0.24914825178198055,
    0.2970475199189056
  ],
  "walking": [
    0.3671108436505192,
    0.1916080628341216,
    0.21463307554611774,
    0.22664801796924153
  ],
  "sightseeing": [
    0.3198503676581083,
    0.20191502634388167,
    0.23797782619362642,
    0.24025677980438373
  ]
}