{
  "eating": [
    0.2099675414006515,
    0.2452343169414497,
    0.2703164795704213,
    0.27448166208747754
  ],
  "nature": [
    0.27222016654362874,
    0.19323277648389073,
    0.1496032833553305,
    0.3849437736171501
  ],
  "community": [
    0.1767301556694557,
    0.21765972713069867,
    0.24243572349379572,
    0.3631743937060499
  ],
  "walking": [
    0.40993709183946864,
    0.22551084827929463,
    0.15058058371816077,
    0.21397147616307605
  ],
  "sightseeing": [
    0.29972895780274467,
    0.17633250448019083,
    0.19675587600970215,
    0.32718266170736243
  ]
}