{
  "eating": [
    0.2041234501581639,
    0.30209305712668694,
    0.27395760109228096,
    0.21982589162286814
  ],
  "nature": [
    0.3427545661055875,
    0.15797799167906035,
    0.2051027785483391,
    0.29416466366701305
  ],
  "community": [
    0.1856026887538921,
    0.27012722112313425,
    0.2629900449343899,
    0.2812800451885837
  ],
  "walking": [
    0.3638167132042702,
    0.19348685743294827,
    0.23546194281202593,
    0.2072344865507556
  ],
  "sightseeing": [
    0.31636192613819175,
    0.20336765289055267,
    0.25025432778037504,
    0.23001609319088065
  ]
}