{
  "eating": [
    0.21443904026913185,
    0.23139494096355756,
    0.2516698798619579,
    0.3024961389053528
  ],
  "nature": [
    0.2341801784665346,
    0.1907692809099366,
    0.16646079443624004,
    0.4085897461872888
  ],
  "community": [
    0.1630884416476623,
    0.2654013200691933,
    0.24977111008505956,
    0.3217391281980848
  ],
  "walking": [
    0.37834361654045134,
    0.20733108184029844,
    0.22097550911215477,
    0.1933497925070956
  ],
  "sightseeing": [
    0.295384334016391,
    0.1625097878289314,
    0.23330947067415708,
    0.3087964074805205
  ]
}