{
  "eating": [
    0.20263295053533714,
    0.3067061824526511,
    0.28017313432843544,
    0.21048773268357635
  ],
  "nature": [
    0.35543456213128555,
    0.1587991568703783,
    0.1994836081880359,
    0.28628267281030023
  ],
  "community": [
    0.1901499267611566,
    0.2542133568103027,
    0.26054491607063524,
    0.29509180035790544
  ],
  "walking": [
    0.37434787163727606,
    0.19954677957928033,
    0.21199696768069462,
    0.2141083811027491
  ],
  "sightseeing": [
    0.3178101340669763,
    0.20797522510763913,
    0.23806979622555668,
    0.23614484459982796
  ]
}