{
  "eating": [
    0.22537309702605426,
    0.2430264205500867,
    0.2534978746070074,
    0.27810260781685164
  ],
  "nature": [
    0.28212508270280234,
    0.1946518325881802,
    0.1731054951079,
    0.35011758960111744
  ],
  "community": [
    0.13867428439312357,
    0.2840384325899944,
    0.20824573062783175,
    0.3690415523890503
  ],
  "walking": [
    0.38822600787919814,
    0.2016946980438185,
    0.15848890731443008,
    0.2515903867625533
  ],
  "sightseeing": [
    0.3058496585761407,
    0.1581519081889184,
    0.19647996591391137,
    0.33951846732102964
  ]
}