{
  "eating": [
    0.2044620493883408,
    0.3170730982478716,
    0.26956830275705,
    0.2088965496067375
  ],
  "nature": [
    0.353055246563077,
    0.15758068227179897,
    0.20379336852114194,
    0.28557070264398204
  ],
  "community": [
    0.18024427121162698,
    0.2706703999767817,
    0.2560713291630959,
    0.29301399964849534
  ],
  "walking": [
    0.381914988377189,
    0.19010696369068789,
    0.21913858669158404,
    0.20883946124053918
  ],
  "sightseeing": [
    0.31522069358348354,
    0.20587137345764153,
    0.24352751944791964,
    0.2353804135109553
  ]
}