{
  "eating": [
    0.21545483795966253,
    0.27633506432711136,
    0.23850198485626517,
    0.269708112856961
  ],
  "nature": [
    0.2650822198390032,
    0.18957735268815273,
    0.1625325643546487,
    0.38280786311819537
  ],
  "community": [
    0.14701318902086688,
    0.2670308566301358,
    0.22901496277117778,
    0.3569409915778195
  ],
  "walking": [
    0.4326384420592075,
    0.1971914006135174,
    0.172005440750829,
    0.1981647165764462
  ],
  "sightseeing": [
    0.2919606363522664,
    0.1700209495301982,
    0.21312904567679106,
    0.3248893684407444
  ]
}