model,r2,rmse
GWR_AC,0.8868200467138093,0.8684152734284687
GWR_CD,0.9057824557707674,0.8092914863686907
GWR_FC,0.8067271017998084,1.1149096499439672
GWR_SP,0.9000967424600548,0.8467373145868369
Global_SAC,,
Global_SAR,0.8784911661291183,0.9147377927050773
Global_SDM,0.8833348746895469,0.8945493544647884
Global_SEM,,
HGWR_Hybrid,0.9156974002508556,0.7545778010635763
LM_Diagnostics,,
OLS_all,0.49407346419779463,1.8482780813905033
